BRCA2,
BRCA2,
BRCA2,p.Asn289His
BRCA2,p.Asn372His
BRCA2,p.(=)
BRCA2,p.(=)
BRCA2,p.Asn991Asp
BRCA2,p.(=)
BRCA2,p.(=)
BRCA2,p.(=)
BRCA2,p.(=)
BRCA2,p.Val2466Ala
BRCA2,
BRCA2,
BRCA2,p.Lys2729Asn
BRCA2,
BRCA2,
BRCA2,p.Ile3412Val
BRCA1,
BRCA1,
BRCA1,
BRCA1,p.Met1649Thr
BRCA1,p.Ser1613Gly
BRCA1,
BRCA1,p.(=)
BRCA1,p.Lys1183Arg
BRCA1,p.Glu1038Gly
BRCA1,p.Pro871Leu
BRCA1,p.Tyr856His
BRCA1,p.(=)
BRCA1,p.(=)
BRCA1,p.(=)
BRCA1,
BRCA1,
BRCA2,p.(=)
BRCA2,
BRCA2,p.Met784Val
BRCA2,p.Arg18His
BRCA2,p.Cys315Ser
BRCA2,p.Lys322Gln
BRCA2,p.(=)
BRCA2,p.Thr582Pro
BRCA2,p.(=)
BRCA2,p.His1003Asp
BRCA2,p.(=)
BRCA2,p.Asp1618Glu
BRCA2,p.Ile1929Val
BRCA2,p.(=)
BRCA2,p.Thr1954Ala
BRCA2,p.Asp1990Ala
BRCA2,p.Val2109Ile
BRCA2,
,
BRCA1,p.Ser1577Pro
BRCA1,p.(=)
BRCA1,p.(=)
BRCA1,p.Pro1150Ser
BRCA1,p.Met1137Val
BRCA1,p.Gly275Asp
BRCA1,
BRCA1,
BRCA1,p.Leu52Phe
BRCA1,
BRCA1,p.Pro724Leu
BRCA2,p.Glu3377Asp
BRCA2,p.Ala2951Thr
BRCA1,p.Glu143Lys
BRCA2,p.(=)
BRCA1,
BRCA2,
,
BRCA2,
BRCA2,
,
BRCA2,p.Lys385Arg
BRCA2,p.Asp720Glu
BRCA2,p.(=)
BRCA2,p.Ser1424Cys
BRCA2,p.Glu1644Lys
BRCA2,p.Ser1722Asn
BRCA2,p.(=)
BRCA2,p.Glu2144Lys
BRCA2,p.Ser2267Leu
BRCA2,p.Glu2558Lys
BRCA2,p.Asp2679Asn
BRCA2,p.Thr2790Asn
BRCA2,p.Asp2797Gly
BRCA2,p.(=)
BRCA2,p.(=)
BRCA1,p.Trp1837Arg
BRCA1,p.Ala1844Thr
BRCA1,
,
BRCA1,p.Asp1435Tyr
BRCA1,p.Gln1135Glu
BRCA1,p.Glu1004Lys
BRCA1,p.Asn909Ile
,
,
BRCA1,p.Ile456Thr
BRCA1,p.Val340Ile
BRCA1,
BRCA1,p.Ser186Phe
BRCA1,
BRCA1,
BRCA1,
BRCA1,
BRCA1,
,
BRCA1,
BRCA1,
,
BRCA1,
BRCA2,p.Glu1895Lys
BRCA2,p.(=)
BRCA2,p.Glu2757Asp
BRCA1,p.Tyr856His
BRCA2,p.(=)
BRCA1,p.Ala1843Val
BRCA1,p.Glu1715Ter
exonic,nonsense
BRCA2,p.Gln3026Ter
exonic,nonsense
BRCA2,p.Thr933fs
BRCA1,p.Ile1824fs
BRCA1,p.Pro1099fs
BRCA1,p.Glu1210fs
BRCA2,p.Arg3384Ter
BRCA1,p.Ala1693Thr
BRCA1,p.Tyr1853Phe
BRCA2,p.Cys1399Phe
BRCA2,p.(=)
BRCA2,p.Ser2252Pro
BRCA2,p.(=)
BRCA2,p.Arg2034Cys
BRCA2,
BRCA1,p.Val8Asp
BRCA1,p.(=)
BRCA2,p.Ala248Thr
BRCA2,p.Arg2108Cys
BRCA2,p.(=)
BRCA2,p.Ala2351Gly
BRCA1,
BRCA2,
exonic,frameshiftInsertion
intronic,
,
exonic,missense
,
exonic,nonsense
BRCA2,
BRCA1,
BRCA2,p.Ile332Phe
BRCA2,
BRCA2,p.Gln2894His
BRCA1,p.Ser896Asn
,
exonic,
,
BRCA2,p.Glu2292Ala
,
BRCA2,p.(=)
,
BRCA2,p.Gly2508Ser
